Workbook

Sheet دليل الاستخدام
B2: نموذج تقييم وقبول طلبات المشاريع التطويرية البرمجية
B5: ▪ الهدف من النموذج
B6: أداة موحّدة لتقييم طلبات المشاريع والتطويرات البرمجية بشكل موضوعي وقابل للمقارنة، عبر مرحلتين: تقييم بوابة أولي (شروط إلزامية) ثم تقييم نقاطي مرجّح (أثر تشغيلي + مواءمة استراتيجية + جاهزية فنية + مخاطر).
B9: ▪ التسلسل الموصى به
B10: 1. تعبئة شيت «بيانات الطلب». 2. تعبئة «بوابة الاكتمال» للتأكد من جاهزية الطلب للتقييم. 3. تعبئة «التقييم التفصيلي» بكل معاييره. 4. مراجعة «النتيجة والقرار» المحسوبة تلقائياً. 5. اعتماد النموذج بالتوقيعات.
B13: ▪ شيت الإعدادات
B14: يحتوي على الأوزان والنطاقات وقواعد التصنيف. يمكن لمالك العملية تعديل الأوزان من هذا الشيت فقط، وستنعكس التغييرات تلقائياً على نموذج التقييم دون الحاجة لتعديل الصيغ.
B17: ▪ الخلايا الصفراء
B18: هي الحقول المطلوب تعبئتها يدوياً (قوائم منسدلة أو نص).
B21: ▪ الخلايا الرمادية/البيضاء
B22: محسوبة تلقائياً بالصيغ.
B25: خريطة الشيتات
B26: الإعدادات | D26: الأوزان، الأولوية، قوائم القيم المنسدلة
B27: بيانات الطلب | D27: البيانات التعريفية للمشروع/الطلب ومقدّمه
B28: التقييم الوصفي | D28: تقييم الإدارة الطالبة (Business Assessment) والتقييم التقني (Technical Assessment)
B29: بوابة الاكتمال | D29: شروط إلزامية (Gate) قبل قبول الطلب للتقييم
B30: التقييم التفصيلي | D30: الأثر التشغيلي + المواءمة الاستراتيجية + الجاهزية الفنية + المخاطر
B31: النتيجة والقرار | D31: ملخص النقاط، الأولوية، قابلية التطبيق، التوصية والاعتماد

Sheet الإعدادات
B2: الإعدادات — الأوزان وقواعد التصنيف
B3: يمكن تعديل القيم الصفراء فقط؛ كل صيغ النموذج ترتبط بهذا الشيت تلقائياً.
B5: محور التقييم | C5: الوزن (من 100) | D5: ملاحظات
B6: الأثر التشغيلي | C6: 30 | D6: نطاق الاستفادة + تحسين الخدمة/العملية
B7: المواءمة الاستراتيجية | C7: 20 | D7: الارتباط بالخطة التشغيلية والأهداف الاستراتيجية
B8: الجاهزية والجدوى الفنية | C8: 25 | D8: توافر البنية التحتية والتوافق التقني والبيانات
B9: التأثير على الأنظمة الحالية والمخاطر | C9: 25 | D9: وزن مرفوع مقارنة بالنموذج الأصلي (كان 5 من 100)
B10: الإجمالي | C10: =SUM(C6:C9) -> 100
B12: ملاحظة: يجب أن يكون إجمالي الأوزان = 100. إن لم يكن كذلك ستظهر الخلية أعلاه باللون الأحمر.
B14: نطاقات الأولوية
B15: الأولوية | C15: الحد الأدنى للنقاط | D15: الحد الأعلى للنقاط
B16: عالية | C16: 80 | D16: 100
B17: متوسطة | C17: 60 | D17: 79.99
B18: منخفضة | C18: 0 | D18: 59.99
B20: قوائم القيم (للقوائم المنسدلة في النموذج)
B21: نعم_لا | C21: نطاق_الاستفادة | D21: عدد_المستفيدين | E21: تحسين_الخدمة | F21: ارتباط_الخطة | G21: نوع_الطلب | H21: مستوى_التأثير | I21: مستوى_المخاطر | J21: قابلية_التطبيق
B22: نعم | C22: إدارة واحدة (5) | D22: أقل من 20 (3) | E22: تحسين خدمة داخل إدارة (5) | F22: غير مرتبط (0) | G22: متطلب جديد في نظام/ منصة قائمة | H22: لا يوجد (0) | I22: منخفضة (2) | J22: قابل للتطبيق
B23: لا | C23: عدة إدارات (8) | D23: 20-100 (6) | E23: تحسين عمليات مشتركة (10) | F23: مرتبط جزئياً (3) | G23: نظام/ منصة جديدة | H23: محدود (2) | I23: متوسطة (5) | J23: قابل للتطبيق مع متطلبات إضافية / ملاحظات
C24: على مستوى الجهة (10) | D24: أكثر من 100 / مستفيدون خارجيون (10) | E24: تحسين عملية رئيسية على مستوى الجهة (15) | F24: مرتبط بالكامل (5) | G24: تكامل مع أنظمة أخرى | H24: متوسط (5) | I24: مرتفعة (8) | J24: غير قابل للتطبيق حالياً
H25: مرتفع (8) | J25: غير قابل للتطبيق

Sheet تفاصيل الطلب
B2: الإدارة الطالبة (Business Assessment)
B3: يتم تقييم الطلب من ناحية الحاجة وتوفر المعلومات الأساسية.
B5: 1. بيانات الطلب
B7: اسم المشروع / الطلب | C7: منصة شؤون الأراضي
B8: الإدارة الطالبة | C8: إدارة نظم المعلومات الجيو مكانية
B9: تاريخ التقديم | C9: 46118
B10: مقدم الطلب | C10: أ/ سامي السلمي - رئيس قسم شؤون الأراضي
B11: نوع الطلب | C11: نظام/ منصة جديدة
B12: رقم مرجعي للطلب | C12: =IF(C9="","REQ-"&TEXT(TODAY(),"YY"),"REQ-"&TEXT(C9,"YY"))&"-"&TEXT(E12,"0000") -> REQ-26-0001 | E12: 1
B14: 2. الهدف من الطلب
B15: توضيح المشكلة الحالية أو الحاجة التشغيلية والأثر المتوقع من تنفيذ الطلب.
B22: 3. المواءمة مع الأهداف الاستراتيجية
B23: مدى ارتباط الطلب بالركائز أو الأهداف الاستراتيجية المعتمدة في الهيئة.
B27: 4. جاهزية الإدارة المعنية | C27: البيانات
B28: وجود مالك أعمال (Business Owner)
B29: توفر فريق داعم من الإدارة الطالبة
B30: الاستعداد للمشاركة في التحليل والاختبار والتشغيل
B32: 5. آلية العمل والوثائق الداعمة | C32: البيانات
B33: توضيح الوثائق الداعمة:
B34: الإجراءات الحالية (As-Is)
B35: الإجراءات المستهدفة (To-Be)
B36: النماذج والتقارير ذات العلاقة
B37: أي وثائق داعمة للطلب
B39: 6. الإقرار بدقة المعلومات
B40: أُقرّ أنا الموقّع أدناه بصحة واكتمال البيانات والمعلومات المدوّنة في هذا النموذج، وأن جميع المعلومات الواردة فيه دقيقة وتعكس الواقع الفعلي للطلب المقدَّم، ويُعدّ هذا الإقرار موافقةً رسمية على تقديم الطلب. وللجهة المختصة في حال ثبوت عدم دقة البيانات المقدَّمة اتخاذ كافة الإجراءات اللازمة.
B41: التوقيع:

Sheet بوابة الاكتمال
B2: شروط إلزامية قبل بدء التقييم
B3: إذا كانت إجابة أي بند هنا «لا»، يُعاد الطلب لمقدّمه لاستكمال المتطلبات قبل المتابعة للتقييم.
B5: البند | C5: متوفر؟ | D5: ملاحظات
B6: إقرار رسمي من الإدارة الطالبة بصحة واكتمال البيانات المقدمة | C6: نعم
B7: وجود مسؤول المشروع (Owner) محدد | C7: نعم
B8: توفر فريق داعم من الإدارة الطالبة | C8: نعم
B9: الاستعداد للمشاركة في التحليل والاختبار والتشغيل | C9: نعم
B10: توضيح الإجراءات الحالية (As-Is) والمستهدفة (To-Be) | C10: نعم
B11: توفر النماذج والتقارير والوثائق الداعمة ذات العلاقة | C11: نعم
B13: نتيجة البوابة | C13: =IF(COUNTIF(C6:C11,"لا")=0,"مكتمل — جاهز للتقييم","غير مكتمل — أعد الطلب لمقدّمه") -> مكتمل — جاهز للتقييم

Sheet التقييم التقني
B3: تقييم تقنية المعلومات (Technical Assessment)
B4: يتم تحديد مدى إمكانية تنفيذ الطلب من الناحية التقنية.
B6: تصنيف الطلب
B7: تصنيف الطلب:
B9: المحور الأول — الأثر التشغيلي
B10: العنصر | C10: مستوى التقييم | D10: الدرجة المستحقة | E10: الدرجة الكلية | F10: المبرر
B11: نطاق الاستفادة من الطلب | D11: =IFERROR(VALUE(MID(C11,FIND("(",C11)+1,FIND(")",C11)-FIND("(",C11)-1)),0) -> 0 | E11: 10
B12: عدد المستفيدين | D12: =IFERROR(VALUE(MID(C12,FIND("(",C12)+1,FIND(")",C12)-FIND("(",C12)-1)),0) -> 0 | E12: 10
B13: درجة تحسين الخدمة/العملية | D13: =IFERROR(VALUE(MID(C13,FIND("(",C13)+1,FIND(")",C13)-FIND("(",C13)-1)),0) -> 0 | E13: 15
B14: إجمالي (الأثر التشغيلي) | D14: =SUM(D11:D13) -> 0 | E14: =SUM(E11:E13) -> 35
B16: المحور الثاني — المواءمة الاستراتيجية
B17: العنصر | C17: مستوى التقييم | D17: الدرجة المستحقة | E17: الدرجة الكلية | F17: المبرر
B18: ارتباط الطلب بالأهداف الاستراتيجية المعتمدة | D18: =IFERROR(VALUE(MID(C18,FIND("(",C18)+1,FIND(")",C18)-FIND("(",C18)-1)),0) -> 0 | E18: 5
B19: دعم هدف استراتيجي أو مبادرة واحدة | D19: =IF(C19="نعم",10,0) -> 0 | E19: 10
B20: دعم عدة أهداف أو مبادرات استراتيجية | D20: =IF(C20="نعم",10,0) -> 0 | E20: 10
B21: إجمالي (المواءمة الاستراتيجية) | D21: =SUM(D18:D20) -> 0 | E21: =SUM(E18:E20) -> 25
B23: المحور الثالث — الجاهزية الفنية
B24: جاهزية البنية التحتية
B25: العنصر | C25: متوفر؟ | D25: الدرجة المستحقة | E25: الدرجة الكلية | F25: المبرر
B26: توفر البنية التحتية | D26: =IF(C26="نعم",4,0) -> 0 | E26: 4
B27: توفر الأنظمة الداعمة (في حال الحاجة) | D27: =IF(C27="نعم",4,0) -> 0 | E27: 4
B28: توفر الموارد التقنية | D28: =IF(C28="نعم",4,0) -> 0 | E28: 4
B29: التوافق الفني
B30: العنصر | C30: متوفر/متوافق؟ | D30: الدرجة المستحقة | E30: الدرجة الكلية | F30: المبرر
B31: يتوافق مع المعمارية التقنية | D31: =IF(C31="نعم",2,0) -> 0 | E31: 2
B32: لا يتعارض مع الأنظمة الحالية | D32: =IF(C32="نعم",2,0) -> 0 | E32: 2
B33: يمكن تنفيذه باستخدام الموارد التقنية | D33: =IF(C33="نعم",2,0) -> 0 | E33: 2
B34: البيانات اللازمة متوفرة | D34: =IF(C34="نعم",2,0) -> 0 | E34: 2
B35: التكامل مع الأنظمة الأخرى (في الحال الحاجة) | D35: =IF(C35="نعم",2,0) -> 0 | E35: 2
B36: يتوافق مع سياسات الأمن السيبراني وحوكمة البيانات | D36: =IF(C36="نعم",2,0) -> 0 | E36: 2
B37: إجمالي (الجاهزية الفنية) | D37: =SUM(D26:D28)+SUM(D31:D36) -> 0 | E37: =SUM(E26:E28)+SUM(E31:E36) -> 24
B39: المحور الرابع — التأثير على الأنظمة الحالية والمخاطر
B40: العنصر | C40: المستوى | D40: الدرجة المستحقة | E40: الدرجة الكلية | F40: المبرر
B41: تأثير الطلب على الأنظمة الحالية | D41: =IF(C41="",0,8-IFERROR(VALUE(MID(C41,FIND("(",C41)+1,FIND(")",C41)-FIND("(",C41)-1)),0)) -> 0 | E41: 8
B42: مستوى المخاطر التقنية والتشغيلية | D42: =IF(C42="",0,8-IFERROR(VALUE(MID(C42,FIND("(",C42)+1,FIND(")",C42)-FIND("(",C42)-1)),0)) -> 0 | E42: 8
B43: إجمالي خام (التأثير والمخاطر) | D43: =SUM(D41:D42) -> 0 | E43: =SUM(E41:E42) -> 16

Sheet النتيجة والقرار
B2: النتيجة والقرار
B4: حالة بوابة الاكتمال | D4: ='بوابة الاكتمال'!C13 -> مكتمل — جاهز للتقييم
B6: ملخص النقاط المرجّحة
B7: المحور | C7: الدرجة الخام | D7: الدرجة القصوى | E7: الوزن | F7: النقاط المرجّحة (من 100)
B8: الأثر التشغيلي | C8: ='التقييم التقني'!D14 -> 0 | D8: ='التقييم التقني'!E14 -> 35 | E8: =الإعدادات!$C$6 -> 30 | F8: =IF(D8=0,0,(C8/D8)*E8) -> 0
B9: المواءمة الاستراتيجية | C9: ='التقييم التقني'!D21 -> 0 | D9: ='التقييم التقني'!E21 -> 25 | E9: =الإعدادات!$C$7 -> 20 | F9: =IF(D9=0,0,(C9/D9)*E9) -> 0
B10: الجاهزية والجدوى الفنية | C10: ='التقييم التقني'!D37 -> 0 | D10: ='التقييم التقني'!E37 -> 24 | E10: =الإعدادات!$C$8 -> 25 | F10: =IF(D10=0,0,(C10/D10)*E10) -> 0
B11: التأثير على الأنظمة والمخاطر | C11: ='التقييم التقني'!D43 -> 0 | D11: ='التقييم التقني'!E43 -> 16 | E11: =الإعدادات!$C$9 -> 25 | F11: =IF(D11=0,0,(C11/D11)*E11) -> 0
B12: إجمالي النقاط (من 100) | F12: =ROUND(SUM(F8,F9,F10,F11),1) -> 0
B14: الأولوية | D14: =IF('بوابة الاكتمال'!C13<>"مكتمل — جاهز للتقييم","لا يمكن تحديد الأولوية قبل اكتمال البوابة",IF(F12>=الإعدادات!$C$16,"عالية",IF(F12>=الإعدادات!$C$17,"متوسطة","منخفضة"))) -> منخفضة
B16: قرار قابلية التطبيق
B17: يُحدَّد هذا القرار بالاستناد لنتيجة محور «الجاهزية الفنية» ومحور «المخاطر»، وليس بدلاً للنقاط الإجمالية.
B19: ملاحظات وتوصية
B24: الاعتماد
B25: الجهة | C25: الاسم | D25: التوقيع | E25: التاريخ
B26: الإدارة الطالبة
B27: الأمن السيبراني
B28: تقنية المعلومات (المقيّم)
B29: المسؤول المختص / المخوّلة بالاعتماد
